,
error,accelerate
error,accessible
error,accommodate
error,accountability
error,actress
error,African-American
error,agenda
error,airline
error,aisle
error,album
error,alleged
error,allegedly
error,aluminum
error,analyze
error,annually
error,anonymous
error,anymore
error,anywhere
error,artifact
error,as
error,Asian
error,assault
error,associate
error,automatically
error,average
error,back
error,background
error,backyard
error,baseball
error,basically
error,basketball
error,before
error,behavioral
error,bombing
error,bounce
error,British
error,bury
error,cabinet
error,campus
error,capable
error,carbohydrate
error,cartoon
error,casino
error,casualty
error,charge
error,chef
error,chocolate
error,cholesterol
error,civilian
error,classroom
error,client
error,clinic
error,clinical
error,close
error,closest
error,coastal
error,cocaine
error,cognitive
error,collaboration
error,college
error,colonial
error,colorful
error,columnist
error,commodity
error,comparable
error,comprehensive
error,compromise
error,confrontation
error,congressional
error,consecutive
error,consensus
error,conservative
error,considerable
error,consistently
error,constitutional
error,consumer
error,contributor
error,convert
error,convinced
error,coordinator
error,correlation
error,correspondent
error,costume
error,counseling
error,courtroom
error,credibility
error,criteria
error,crucial
error,cruise
error,Cuban
error,database
error,defendant
error,deficit
error,democracy
error,Democrat
error,democratic
error,desperately
error,detective
error,developer
error,developmental
error,diagnose
error,disappointed
error,diverse
error,documentary
error,donate
error,downtown
error,dramatic
error,dramatically
error,driveway
error,Dutch
error,dynamics
error,ecological
error,economically
error,economics
error,economist
error,ecosystem
error,effectively
error,electronics
error,elevator
error,eligible
error,emerging
error,enforcement
error,entrepreneur
error,envision
error,equation
error,estimated
error,evaluate
error,evaluation
error,experimental
error,far
error,favor
error,feedback
error,feminist
error,fiscal
error,football
error,fortunately
error,freshman
error,front
error,frustration
error,full-time
error,functional
error,garage
error,gasoline
error,general
error,golf
error,graduate
error,graduation
error,grandparent
error,grocery
error,guideline
error,halfway
error,headquarters
error,high-tech
error,Hispanic
error,historically
error,holy
error,homework
error,hormone
error,housing
error,identity
error,ideological
error,ideology
error,immigration
error,immune
error,implication
error,importantly
error,in
error,increasingly
error,incredibly
error,inevitable
error,initially
error,initiative
error,inmate
error,innovative
error,input
error,inside
error,institutional
error,instructional
error,integrated
error,interact
error,interaction
error,investor
error,ironically
error,Italian
error,Japanese
error,jazz
error,jeans
error,journalism
error,journalist
error,juror
error,Korean
error,last
error,lawmaker
error,lawn
error,legislator
error,legislature
error,light
error,like
error,little
error,long-term
error,long
error,longtime
error,mainstream
error,mask
error,matter
error,maximum
error,mean
error,meanwhile
error,menu
error,Mexican
error,middle-class
error,minimal
error,minimize
error,mixture
error,mm-hmm
error,molecule
error,movie
error,Mrs
error,museum
error,nationwide
error,near
error,nervous
error,no
error,nominee
error,nonprofit
error,northeast
error,Olympic
error,Olympics
error,one-third
error,one
error,ongoing
error,online
error,organizational
error,orientation
error,originally
error,other
error,outside
error,outsider
error,oxygen
error,parental
error,parking
error,part
error,past
error,pasta
error,perspective
error,photography
error,piano
error,pickup
error,pizza
error,playoff
error,politically
error,portfolio
error,portrait
error,potentially
error,pray
error,present
error,presidency
error,presidential
error,prevention
error,processor
error,programming
error,prosecutor
error,protein
error,protocol
error,psychological
error,psychologist
error,public
error,publisher
error,quarterback
error,questionnaire
error,radar
error,railroad
error,rather
error,recession
error,recipe
error,recording
error,regard
error,regardless
error,regional
error,regulatory
error,rehabilitation
error,relatively
error,relax
error,reliability
error,reportedly
error,reporter
error,reporting
error,Republican
error,residential
error,respect
error,respectively
error,respondent
error,right
error,robot
error,round
error,routinely
error,sales
error,salmon
error,sandwich
error,satellite
error,scary
error,scenario
error,sector
error,short-term
error,shortly
error,shorts
error,significantly
error,since
error,so-called
error,soar
error,soccer
error,socially
error,sodium
error,software
error,someday
error,somehow
error,southeast
error,Soviet
error,Spanish
error,specialize
error,specialty
error,spectacular
error,speculate
error,spokesman
error,statistical
error,statistics
error,stereotype
error,strategic
error,structural
error,subsidy
error,suburban
error,supermarket
error,supportive
error,surveillance
error,survivor
error,sweater
error,syndrome
error,T-shirt
error,tablespoon
error,taxpayer
error,teammate
error,teaspoon
error,technical
error,technician
error,technological
error,tennis
error,textbook
error,that
error,therapist
error,therapy
error,thereby
error,timing
error,top
error,toss
error,touchdown
error,tourism
error,tourist
error,tournament
error,tragic
error,trailer
error,two-thirds
error,undergraduate
error,unfortunately
error,unprecedented
error,utilize
error,vendor
error,versus
error,video
error,vitamin
error,volunteer
error,voter
error,voting
error,vs
error,weekend
error,weekly
error,wheelchair
error,whereas
error,wherever
error,wildlife
error,workout
error,workplace
error,yeah